1; Manolo; 3.13; BAOBA
2; Piña; 421.3; P155A
3; Human; 347.49; CWYBCWU323
4; NotABot; 481.07; 236d7g
5; Tassisimo; 0.0; R1P
6; Georgy; 999.17; 3X99350
7; Abejo; 27.55; M13L
8; Shrek; 520.55005; A55N0
9; Robin; 1.1299999; 8A77MAN N0 M3 9AGA
10; Batman; 4561239.0; 3570N70
